{
  "$schema": "https://schema.management.azure.com/schemas/2019-04-01/deploymentTemplate.json#",
  "contentVersion": "1.0.0.0",
  "metadata": {
    "author": "Your Company - support@yourcompany.com",
    "comments": "Solution template for cveBusterPush"
  },
  "parameters": {
    "location": {
      "type": "string",
      "minLength": 1,
      "defaultValue": "[resourceGroup().location]",
      "metadata": {
        "description": "Not used, but needed to pass arm-ttk test `Location-Should-Not-Be-Hardcoded`.  We instead use the `workspace-location` which is derived from the LA workspace"
      }
    },
    "workspace-location": {
      "type": "string",
      "defaultValue": "",
      "metadata": {
        "description": "[concat('Region to deploy solution resources -- separate from location selection',parameters('location'))]"
      }
    },
    "workspace": {
      "defaultValue": "",
      "type": "string",
      "metadata": {
        "description": "Workspace name for Log Analytics where Microsoft Sentinel is setup"
      }
    },
    "resourceGroupName": {
      "type": "string",
      "defaultValue": "[resourceGroup().name]",
      "metadata": {
        "description": "resource group name where Microsoft Sentinel is setup"
      }
    },
    "subscription": {
      "type": "string",
      "defaultValue": "[last(split(subscription().id, '/'))]",
      "metadata": {
        "description": "subscription id where Microsoft Sentinel is setup"
      }
    }
  },
  "variables": {
    "email": "support@yourcompany.com",
    "_email": "[variables('email')]",
    "_solutionName": "cveBusterPush",
    "_solutionVersion": "3.0.0",
    "solutionId": "yourcompany.cvebuster-sentinel-push-connector",
    "_solutionId": "[variables('solutionId')]",
    "workspaceResourceId": "[resourceId('microsoft.OperationalInsights/Workspaces', parameters('workspace'))]",
    "dataConnectorCCPVersion": "1.0.0",
    "_dataConnectorContentIdConnectorDefinition1": "cveBusterPush",
    "dataConnectorTemplateNameConnectorDefinition1": "[concat(parameters('workspace'),'-dc-',uniquestring(variables('_dataConnectorContentIdConnectorDefinition1')))]",
    "_dataConnectorContentIdConnections1": "cveBusterPushConnections",
    "dataConnectorTemplateNameConnections1": "[concat(parameters('workspace'),'-dc-',uniquestring(variables('_dataConnectorContentIdConnections1')))]",
    "blanks": "[replace('b', 'b', '')]",
    "_solutioncontentProductId": "[concat(take(variables('_solutionId'),50),'-','sl','-', uniqueString(concat(variables('_solutionId'),'-','Solution','-',variables('_solutionId'),'-', variables('_solutionVersion'))))]"
  },
  "resources": [
    {
      "type": "Microsoft.OperationalInsights/workspaces/providers/contentTemplates",
      "apiVersion": "2023-04-01-preview",
      "name": "[concat(parameters('workspace'),'/Microsoft.SecurityInsights/', variables('dataConnectorTemplateNameConnectorDefinition1'), variables('dataConnectorCCPVersion'))]",
      "location": "[parameters('workspace-location')]",
      "dependsOn": [
        "[extensionResourceId(resourceId('Microsoft.OperationalInsights/workspaces', parameters('workspace')), 'Microsoft.SecurityInsights/contentPackages', variables('_solutionId'))]"
      ],
      "properties": {
        "contentId": "[variables('_dataConnectorContentIdConnectorDefinition1')]",
        "displayName": "cveBuster Vulnerability Scanner (Push)",
        "contentKind": "DataConnector",
        "mainTemplate": {
          "$schema": "https://schema.management.azure.com/schemas/2019-04-01/deploymentTemplate.json#",
          "contentVersion": "[variables('dataConnectorCCPVersion')]",
          "parameters": {},
          "variables": {},
          "resources": [
            {
              "name": "[concat(parameters('workspace'),'/Microsoft.SecurityInsights/',variables('_dataConnectorContentIdConnectorDefinition1'))]",
              "apiVersion": "2022-09-01-preview",
              "type": "Microsoft.OperationalInsights/workspaces/providers/dataConnectorDefinitions",
              "location": "[parameters('workspace-location')]",
              "kind": "Customizable",
              "properties": {
                "connectorUiConfig": {
                  "id": "cveBusterPush",
                  "title": "cveBuster Vulnerability Scanner (Push)",
                  "publisher": "Your Company",
                  "descriptionMarkdown": "The [cveBuster](https://yourcompany.com/cvebuster) connector provides the capability to push vulnerability scan data directly from your cveBuster scanner into Microsoft Sentinel using the Codeless Connector Framework (CCF) Push pattern. This connector ingests CVE details, CVSS scores, patch availability, exploit intelligence, and asset information into a custom Log Analytics table for analysis, alerting, and visualization.",
                  "graphQueries": [
                    {
                      "metricName": "Vulnerabilities",
                      "legend": "cveBusterVulnerabilities_CL",
                      "baseQuery": "cveBusterVulnerabilities_CL"
                    }
                  ],
                  "sampleQueries": [
                    {
                      "description": "All vulnerability records",
                      "query": "cveBusterVulnerabilities_CL\n | sort by TimeGenerated desc"
                    },
                    {
                      "description": "Critical vulnerabilities with exploits available",
                      "query": "cveBusterVulnerabilities_CL\n | where Severity == 'Critical' and ExploitAvailable == true\n | sort by CVSS desc"
                    }
                  ],
                  "dataTypes": [
                    {
                      "name": "cveBusterVulnerabilities_CL",
                      "lastDataReceivedQuery": "cveBusterVulnerabilities_CL\n            | summarize Time = max(TimeGenerated)\n            | where isnotempty(Time)"
                    }
                  ],
                  "connectivityCriteria": [
                    {
                      "type": "IsConnectedQuery",
                      "value": [
                        "cveBusterVulnerabilities_CL\n            | summarize LastLogReceived = max(TimeGenerated)\n            | project IsConnected = LastLogReceived > ago(7d)"
                      ]
                    }
                  ],
                  "availability": {
                    "status": 1
                  },
                  "permissions": {
                    "resourceProvider": [
                      {
                        "provider": "Microsoft.OperationalInsights/workspaces",
                        "permissionsDisplayText": "read and write permissions are required.",
                        "providerDisplayName": "Workspace",
                        "scope": "Workspace",
                        "requiredPermissions": {
                          "write": true,
                          "read": true,
                          "delete": true
                        }
                      }
                    ],
                    "customs": [
                      {
                        "name": "Microsoft Entra",
                        "description": "Permission to create an app registration in Microsoft Entra ID. Typically requires Entra ID Application Developer role or higher."
                      },
                      {
                        "name": "Microsoft Azure",
                        "description": "Permission to assign Monitoring Metrics Publisher role on data collection rule (DCR). Typically requires Azure RBAC Owner or User Access Administrator role"
                      }
                    ]
                  },
                  "instructionSteps": [
                    {
                      "title": "1. Create ARM Resources and Provide the Required Permissions",
                      "description": "This connector enables your cveBuster vulnerability scanner to push data directly to Microsoft Sentinel via the Azure Monitor Ingestion API.",
                      "instructions": [
                        {
                          "type": "Markdown",
                          "parameters": {
                            "content": "#### Automated Configuration and Secure Data Ingestion with Entra Application \nClicking on \"Deploy\" will trigger the creation of a Log Analytics table and a Data Collection Rule (DCR). \nIt will then create an Entra application, link the DCR to it, and set the entered secret in the application. This setup enables data to be sent securely to the DCR using an Entra token."
                          }
                        },
                        {
                          "parameters": {
                            "label": "Deploy cveBuster Push connector resources",
                            "applicationDisplayName": "cveBuster Push Connector Application"
                          },
                          "type": "DeployPushConnectorButton"
                        }
                      ]
                    },
                    {
                      "title": "2. Configure Your cveBuster Scanner",
                      "description": "Use the following parameters to configure your cveBuster scanner to push logs to the workspace.",
                      "instructions": [
                        {
                          "parameters": {
                            "label": "Tenant ID (Directory ID)",
                            "fillWith": [
                              "TenantId"
                            ]
                          },
                          "type": "CopyableLabel"
                        },
                        {
                          "parameters": {
                            "label": "Entra App Registration Application ID",
                            "fillWith": [
                              "ApplicationId"
                            ],
                            "placeholder": "Deploy push connector to get the App Registration Application ID"
                          },
                          "type": "CopyableLabel"
                        },
                        {
                          "parameters": {
                            "label": "Entra App Registration Secret",
                            "fillWith": [
                              "ApplicationSecret"
                            ],
                            "placeholder": "Deploy push connector to get the App Registration Secret"
                          },
                          "type": "CopyableLabel"
                        },
                        {
                          "parameters": {
                            "label": "Data Collection Endpoint Uri",
                            "fillWith": [
                              "DataCollectionEndpoint"
                            ],
                            "placeholder": "Deploy push connector to get the Data Collection Endpoint Uri"
                          },
                          "type": "CopyableLabel"
                        },
                        {
                          "parameters": {
                            "label": "Data Collection Rule Immutable ID",
                            "fillWith": [
                              "DataCollectionRuleId"
                            ],
                            "placeholder": "Deploy push connector to get the Data Collection Rule Immutable ID"
                          },
                          "type": "CopyableLabel"
                        },
                        {
                          "parameters": {
                            "label": "Stream Name",
                            "value": "Custom-cveBusterVulnerabilities"
                          },
                          "type": "CopyableLabel"
                        },
                        {
                          "type": "Markdown",
                          "parameters": {
                            "content": "#### Configure cveBuster Scanner\nUpdate your cveBuster scanner configuration file with the above credentials to enable data push to Microsoft Sentinel.\n\nExample configuration:\n```json\n{\n  \"azure\": {\n    \"tenant_id\": \"<Tenant ID>\",\n    \"client_id\": \"<Application ID>\",\n    \"client_secret\": \"<Application Secret>\",\n    \"dce_endpoint\": \"<Data Collection Endpoint Uri>\",\n    \"dcr_immutable_id\": \"<Data Collection Rule Immutable ID>\",\n    \"stream_name\": \"Custom-cveBusterVulnerabilities\"\n  }\n}\n```"
                          }
                        }
                      ]
                    }
                  ]
                }
              }
            },
            {
              "name": "[concat(parameters('workspace'),'/Microsoft.SecurityInsights/',concat('DataConnector-', variables('_dataConnectorContentIdConnectorDefinition1')))]",
              "apiVersion": "2022-01-01-preview",
              "type": "Microsoft.OperationalInsights/workspaces/providers/metadata",
              "properties": {
                "parentId": "[extensionResourceId(resourceId('Microsoft.OperationalInsights/workspaces', parameters('workspace')), 'Microsoft.SecurityInsights/dataConnectorDefinitions', variables('_dataConnectorContentIdConnectorDefinition1'))]",
                "contentId": "[variables('_dataConnectorContentIdConnectorDefinition1')]",
                "kind": "DataConnector",
                "version": "[variables('dataConnectorCCPVersion')]",
                "source": {
                  "sourceId": "[variables('_solutionId')]",
                  "name": "[variables('_solutionName')]",
                  "kind": "Solution"
                },
                "author": {
                  "name": "Your Company",
                  "email": "[variables('_email')]"
                },
                "support": {
                  "name": "Your Company Support",
                  "email": "support@yourcompany.com",
                  "tier": "Partner",
                  "link": "https://yourcompany.com/support"
                },
                "dependencies": {
                  "criteria": [
                    {
                      "version": "[variables('dataConnectorCCPVersion')]",
                      "contentId": "[variables('_dataConnectorContentIdConnections1')]",
                      "kind": "ResourcesDataConnector"
                    }
                  ]
                }
              }
            },
            {
              "name": "cveBusterPushCustomDCR",
              "apiVersion": "2022-06-01",
              "type": "Microsoft.Insights/dataCollectionRules",
              "location": "[parameters('workspace-location')]",
              "kind": "[variables('blanks')]",
              "properties": {
                "streamDeclarations": {
                  "Custom-cveBusterVulnerabilities": {
                    "columns": [
                      {
                        "name": "VulnId",
                        "type": "string"
                      },
                      {
                        "name": "VulnTitle",
                        "type": "string"
                      },
                      {
                        "name": "Severity",
                        "type": "string"
                      },
                      {
                        "name": "CVSS",
                        "type": "real"
                      },
                      {
                        "name": "MachineName",
                        "type": "string"
                      },
                      {
                        "name": "AssetCriticality",
                        "type": "string"
                      },
                      {
                        "name": "PatchAvailable",
                        "type": "boolean"
                      },
                      {
                        "name": "ExploitAvailable",
                        "type": "boolean"
                      },
                      {
                        "name": "DiscoveryDate",
                        "type": "datetime"
                      },
                      {
                        "name": "LastModified",
                        "type": "datetime"
                      },
                      {
                        "name": "Status",
                        "type": "string"
                      }
                    ]
                  }
                },
                "destinations": {
                  "logAnalytics": [
                    {
                      "workspaceResourceId": "[variables('workspaceResourceId')]",
                      "name": "clv2ws1"
                    }
                  ]
                },
                "dataFlows": [
                  {
                    "streams": [
                      "Custom-cveBusterVulnerabilities"
                    ],
                    "destinations": [
                      "clv2ws1"
                    ],
                    "transformKql": "source | extend TimeGenerated = now()",
                    "outputStream": "Custom-cveBusterVulnerabilities_CL"
                  }
                ],
                "dataCollectionEndpointId": "[concat('/subscriptions/',parameters('subscription'),'/resourceGroups/',parameters('resourceGroupName'),'/providers/Microsoft.Insights/dataCollectionEndpoints/',parameters('workspace'))]"
              }
            },
            {
              "name": "cveBusterVulnerabilities_CL",
              "apiVersion": "2022-10-01",
              "type": "Microsoft.OperationalInsights/workspaces/tables",
              "location": "[parameters('workspace-location')]",
              "kind": null,
              "properties": {
                "plan": "Analytics",
                "schema": {
                  "name": "cveBusterVulnerabilities_CL",
                  "columns": [
                    {
                      "name": "TimeGenerated",
                      "type": "datetime"
                    },
                    {
                      "name": "VulnId",
                      "type": "string"
                    },
                    {
                      "name": "VulnTitle",
                      "type": "string"
                    },
                    {
                      "name": "Severity",
                      "type": "string"
                    },
                    {
                      "name": "CVSS",
                      "type": "real"
                    },
                    {
                      "name": "MachineName",
                      "type": "string"
                    },
                    {
                      "name": "AssetCriticality",
                      "type": "string"
                    },
                    {
                      "name": "PatchAvailable",
                      "type": "boolean"
                    },
                    {
                      "name": "ExploitAvailable",
                      "type": "boolean"
                    },
                    {
                      "name": "DiscoveryDate",
                      "type": "datetime"
                    },
                    {
                      "name": "LastModified",
                      "type": "datetime"
                    },
                    {
                      "name": "Status",
                      "type": "string"
                    }
                  ]
                }
              }
            }
          ]
        },
        "packageKind": "Solution",
        "packageVersion": "[variables('_solutionVersion')]",
        "packageName": "[variables('_solutionName')]",
        "contentProductId": "[concat(take(variables('_solutionId'), 50),'-','dc','-', uniqueString(concat(variables('_solutionId'),'-','DataConnector','-',variables('_dataConnectorContentIdConnectorDefinition1'),'-', variables('dataConnectorCCPVersion'))))]",
        "packageId": "[variables('_solutionId')]",
        "contentSchemaVersion": "3.0.0",
        "version": "[variables('dataConnectorCCPVersion')]"
      }
    },
    {
      "name": "[concat(parameters('workspace'),'/Microsoft.SecurityInsights/',variables('_dataConnectorContentIdConnectorDefinition1'))]",
      "apiVersion": "2022-09-01-preview",
      "type": "Microsoft.OperationalInsights/workspaces/providers/dataConnectorDefinitions",
      "location": "[parameters('workspace-location')]",
      "kind": "Customizable",
      "properties": {
        "connectorUiConfig": {
          "id": "cveBusterPush",
          "title": "cveBuster Vulnerability Scanner (Push)",
          "publisher": "Your Company",
          "descriptionMarkdown": "The [cveBuster](https://yourcompany.com/cvebuster) connector provides the capability to push vulnerability scan data directly from your cveBuster scanner into Microsoft Sentinel using the Codeless Connector Framework (CCF) Push pattern. This connector ingests CVE details, CVSS scores, patch availability, exploit intelligence, and asset information into a custom Log Analytics table for analysis, alerting, and visualization.",
          "graphQueries": [
            {
              "metricName": "Vulnerabilities",
              "legend": "cveBusterVulnerabilities_CL",
              "baseQuery": "cveBusterVulnerabilities_CL"
            }
          ],
          "sampleQueries": [
            {
              "description": "All vulnerability records",
              "query": "cveBusterVulnerabilities_CL\n | sort by TimeGenerated desc"
            },
            {
              "description": "Critical vulnerabilities with exploits available",
              "query": "cveBusterVulnerabilities_CL\n | where Severity == 'Critical' and ExploitAvailable == true\n | sort by CVSS desc"
            }
          ],
          "dataTypes": [
            {
              "name": "cveBusterVulnerabilities_CL",
              "lastDataReceivedQuery": "cveBusterVulnerabilities_CL\n            | summarize Time = max(TimeGenerated)\n            | where isnotempty(Time)"
            }
          ],
          "connectivityCriteria": [
            {
              "type": "IsConnectedQuery",
              "value": [
                "cveBusterVulnerabilities_CL\n            | summarize LastLogReceived = max(TimeGenerated)\n            | project IsConnected = LastLogReceived > ago(7d)"
              ]
            }
          ],
          "availability": {
            "status": 1
          },
          "permissions": {
            "resourceProvider": [
              {
                "provider": "Microsoft.OperationalInsights/workspaces",
                "permissionsDisplayText": "read and write permissions are required.",
                "providerDisplayName": "Workspace",
                "scope": "Workspace",
                "requiredPermissions": {
                  "write": true,
                  "read": true,
                  "delete": true
                }
              }
            ],
            "customs": [
              {
                "name": "Microsoft Entra",
                "description": "Permission to create an app registration in Microsoft Entra ID. Typically requires Entra ID Application Developer role or higher."
              },
              {
                "name": "Microsoft Azure",
                "description": "Permission to assign Monitoring Metrics Publisher role on data collection rule (DCR). Typically requires Azure RBAC Owner or User Access Administrator role"
              }
            ]
          },
          "instructionSteps": [
            {
              "title": "1. Create ARM Resources and Provide the Required Permissions",
              "description": "This connector enables your cveBuster vulnerability scanner to push data directly to Microsoft Sentinel via the Azure Monitor Ingestion API.",
              "instructions": [
                {
                  "type": "Markdown",
                  "parameters": {
                    "content": "#### Automated Configuration and Secure Data Ingestion with Entra Application \nClicking on \"Deploy\" will trigger the creation of a Log Analytics table and a Data Collection Rule (DCR). \nIt will then create an Entra application, link the DCR to it, and set the entered secret in the application. This setup enables data to be sent securely to the DCR using an Entra token."
                  }
                },
                {
                  "parameters": {
                    "label": "Deploy cveBuster Push connector resources",
                    "applicationDisplayName": "cveBuster Push Connector Application"
                  },
                  "type": "DeployPushConnectorButton"
                }
              ]
            },
            {
              "title": "2. Configure Your cveBuster Scanner",
              "description": "Use the following parameters to configure your cveBuster scanner to push logs to the workspace.",
              "instructions": [
                {
                  "parameters": {
                    "label": "Tenant ID (Directory ID)",
                    "fillWith": [
                      "TenantId"
                    ]
                  },
                  "type": "CopyableLabel"
                },
                {
                  "parameters": {
                    "label": "Entra App Registration Application ID",
                    "fillWith": [
                      "ApplicationId"
                    ],
                    "placeholder": "Deploy push connector to get the App Registration Application ID"
                  },
                  "type": "CopyableLabel"
                },
                {
                  "parameters": {
                    "label": "Entra App Registration Secret",
                    "fillWith": [
                      "ApplicationSecret"
                    ],
                    "placeholder": "Deploy push connector to get the App Registration Secret"
                  },
                  "type": "CopyableLabel"
                },
                {
                  "parameters": {
                    "label": "Data Collection Endpoint Uri",
                    "fillWith": [
                      "DataCollectionEndpoint"
                    ],
                    "placeholder": "Deploy push connector to get the Data Collection Endpoint Uri"
                  },
                  "type": "CopyableLabel"
                },
                {
                  "parameters": {
                    "label": "Data Collection Rule Immutable ID",
                    "fillWith": [
                      "DataCollectionRuleId"
                    ],
                    "placeholder": "Deploy push connector to get the Data Collection Rule Immutable ID"
                  },
                  "type": "CopyableLabel"
                },
                {
                  "parameters": {
                    "label": "Stream Name",
                    "value": "Custom-cveBusterVulnerabilities"
                  },
                  "type": "CopyableLabel"
                },
                {
                  "type": "Markdown",
                  "parameters": {
                    "content": "#### Configure cveBuster Scanner\nUpdate your cveBuster scanner configuration file with the above credentials to enable data push to Microsoft Sentinel.\n\nExample configuration:\n```json\n{\n  \"azure\": {\n    \"tenant_id\": \"<Tenant ID>\",\n    \"client_id\": \"<Application ID>\",\n    \"client_secret\": \"<Application Secret>\",\n    \"dce_endpoint\": \"<Data Collection Endpoint Uri>\",\n    \"dcr_immutable_id\": \"<Data Collection Rule Immutable ID>\",\n    \"stream_name\": \"Custom-cveBusterVulnerabilities\"\n  }\n}\n```"
                  }
                }
              ]
            }
          ]
        }
      }
    },
    {
      "name": "[concat(parameters('workspace'),'/Microsoft.SecurityInsights/',concat('DataConnector-', variables('_dataConnectorContentIdConnectorDefinition1')))]",
      "apiVersion": "2022-01-01-preview",
      "type": "Microsoft.OperationalInsights/workspaces/providers/metadata",
      "properties": {
        "parentId": "[extensionResourceId(resourceId('Microsoft.OperationalInsights/workspaces', parameters('workspace')), 'Microsoft.SecurityInsights/dataConnectorDefinitions', variables('_dataConnectorContentIdConnectorDefinition1'))]",
        "contentId": "[variables('_dataConnectorContentIdConnectorDefinition1')]",
        "kind": "DataConnector",
        "version": "[variables('dataConnectorCCPVersion')]",
        "source": {
          "sourceId": "[variables('_solutionId')]",
          "name": "[variables('_solutionName')]",
          "kind": "Solution"
        },
        "author": {
          "name": "Your Company",
          "email": "[variables('_email')]"
        },
        "support": {
          "name": "Your Company Support",
          "email": "support@yourcompany.com",
          "tier": "Partner",
          "link": "https://yourcompany.com/support"
        },
        "dependencies": {
          "criteria": [
            {
              "version": "[variables('dataConnectorCCPVersion')]",
              "contentId": "[variables('_dataConnectorContentIdConnections1')]",
              "kind": "ResourcesDataConnector"
            }
          ]
        }
      }
    },
    {
      "type": "Microsoft.OperationalInsights/workspaces/providers/contentTemplates",
      "apiVersion": "2023-04-01-preview",
      "name": "[concat(parameters('workspace'),'/Microsoft.SecurityInsights/', variables('dataConnectorTemplateNameConnections1'), variables('dataConnectorCCPVersion'))]",
      "location": "[parameters('workspace-location')]",
      "dependsOn": [
        "[extensionResourceId(resourceId('Microsoft.OperationalInsights/workspaces', parameters('workspace')), 'Microsoft.SecurityInsights/contentPackages', variables('_solutionId'))]"
      ],
      "properties": {
        "contentId": "[variables('_dataConnectorContentIdConnections1')]",
        "displayName": "cveBuster Vulnerability Scanner (Push)",
        "contentKind": "ResourcesDataConnector",
        "mainTemplate": {
          "$schema": "https://schema.management.azure.com/schemas/2019-04-01/deploymentTemplate.json#",
          "contentVersion": "[variables('dataConnectorCCPVersion')]",
          "parameters": {
            "guidValue": {
              "defaultValue": "[[newGuid()]",
              "type": "securestring"
            },
            "innerWorkspace": {
              "defaultValue": "[parameters('workspace')]",
              "type": "securestring"
            },
            "auth": {
              "type": "object",
              "defaultValue": {
                "appId": "[[parameters('auth').appId]]",
                "servicePrincipalId": "[[parameters('auth').servicePrincipalId]]"
              }
            },
            "connectorDefinitionName": {
              "defaultValue": "cveBuster Vulnerability Scanner (Push)",
              "type": "securestring",
              "minLength": 1
            },
            "workspace": {
              "defaultValue": "[parameters('workspace')]",
              "type": "securestring"
            },
            "dcrConfig": {
              "defaultValue": {
                "dataCollectionEndpoint": "data collection Endpoint",
                "dataCollectionRuleImmutableId": "data collection rule immutableId"
              },
              "type": "object"
            }
          },
          "variables": {
            "_dataConnectorContentIdConnections1": "[variables('_dataConnectorContentIdConnections1')]"
          },
          "resources": [
            {
              "name": "[concat(parameters('workspace'),'/Microsoft.SecurityInsights/',concat('DataConnector-', variables('_dataConnectorContentIdConnections1')))]",
              "apiVersion": "2022-01-01-preview",
              "type": "Microsoft.OperationalInsights/workspaces/providers/metadata",
              "properties": {
                "parentId": "[extensionResourceId(resourceId('Microsoft.OperationalInsights/workspaces', parameters('workspace')), 'Microsoft.SecurityInsights/dataConnectors', variables('_dataConnectorContentIdConnections1'))]",
                "contentId": "[variables('_dataConnectorContentIdConnections1')]",
                "kind": "ResourcesDataConnector",
                "version": "[variables('dataConnectorCCPVersion')]",
                "source": {
                  "sourceId": "[variables('_solutionId')]",
                  "name": "[variables('_solutionName')]",
                  "kind": "Solution"
                },
                "author": {
                  "name": "Your Company",
                  "email": "[variables('_email')]"
                },
                "support": {
                  "name": "Your Company Support",
                  "email": "support@yourcompany.com",
                  "tier": "Partner",
                  "link": "https://yourcompany.com/support"
                }
              }
            },
            {
              "name": "[[concat(parameters('innerWorkspace'),'/Microsoft.SecurityInsights/', 'cveBusterPushConnectorPolling', parameters('guidValue'))]",
              "apiVersion": "2023-02-01-preview",
              "type": "Microsoft.OperationalInsights/workspaces/providers/dataConnectors",
              "location": "[parameters('workspace-location')]",
              "kind": "Push",
              "properties": {
                "connectorDefinitionName": "cveBusterPush",
                "dcrConfig": {
                  "streamName": "Custom-cveBusterVulnerabilities",
                  "dataCollectionEndpoint": "[[parameters('dcrConfig').dataCollectionEndpoint]",
                  "dataCollectionRuleImmutableId": "[[parameters('dcrConfig').dataCollectionRuleImmutableId]"
                },
                "auth": {
                  "type": "Push",
                  "AppId": "[[parameters('auth').appId]",
                  "ServicePrincipalId": "[[parameters('auth').servicePrincipalId]"
                },
                "request": {
                  "RetryCount": 1
                },
                "response": {
                  "eventsJsonPaths": [
                    "$"
                  ]
                }
              }
            }
          ]
        },
        "packageKind": "Solution",
        "packageVersion": "[variables('_solutionVersion')]",
        "packageName": "[variables('_solutionName')]",
        "contentProductId": "[concat(take(variables('_solutionId'), 50),'-','rdc','-', uniqueString(concat(variables('_solutionId'),'-','ResourcesDataConnector','-',variables('_dataConnectorContentIdConnections1'),'-', variables('dataConnectorCCPVersion'))))]",
        "packageId": "[variables('_solutionId')]",
        "contentSchemaVersion": "3.0.0",
        "version": "[variables('dataConnectorCCPVersion')]"
      }
    },
    {
      "type": "Microsoft.OperationalInsights/workspaces/providers/contentPackages",
      "apiVersion": "2023-04-01-preview",
      "location": "[parameters('workspace-location')]",
      "properties": {
        "version": "3.0.0",
        "kind": "Solution",
        "contentSchemaVersion": "3.0.0",
        "displayName": "cveBusterPush",
        "publisherDisplayName": "Your Company Support",
        "descriptionHtml": "<p><strong>Note:</strong> Please refer to the following before installing the solution:</p>\n<p>• Review the solution <a href=\"https://github.com/Azure/Azure-Sentinel/tree/master/Solutions/cveBusterPush/ReleaseNotes.md\">Release Notes</a></p>\n<p>• There may be <a href=\"https://aka.ms/sentinelsolutionsknownissues\">known issues</a> pertaining to this Solution, please refer to them before installing.</p>\n<p>The cveBuster Push Connector solution provides automated vulnerability data ingestion from your cveBuster scanner into Microsoft Sentinel using the Codeless Connector Framework (CCF) Push pattern. Your scanner pushes CVE details, CVSS scores, patch availability, exploit intelligence, and asset information directly to Azure Monitor for analysis, alerting, and visualization.</p>\n<p><strong>Data Connectors:</strong> 1</p>\n<p><a href=\"https://aka.ms/azuresentinel\">Learn more about Microsoft Sentinel</a> | <a href=\"https://aka.ms/azuresentinelsolutionsdoc\">Learn more about Solutions</a></p>\n",
        "contentKind": "Solution",
        "contentProductId": "[variables('_solutioncontentProductId')]",
        "id": "[variables('_solutioncontentProductId')]",
        "icon": "<svg width=\"75px\" height=\"75px\" viewBox=\"0 0 75 75\" xmlns=\"http://www.w3.org/2000/svg\"><rect width=\"75\" height=\"75\" fill=\"#0078D4\"/><text x=\"37.5\" y=\"45\" font-family=\"Arial\" font-size=\"24\" fill=\"white\" text-anchor=\"middle\" font-weight=\"bold\">CVE</text></svg>",
        "contentId": "[variables('_solutionId')]",
        "parentId": "[variables('_solutionId')]",
        "source": {
          "kind": "Solution",
          "name": "cveBusterPush",
          "sourceId": "[variables('_solutionId')]"
        },
        "author": {
          "name": "Your Company",
          "email": "[variables('_email')]"
        },
        "support": {
          "name": "Your Company Support",
          "email": "support@yourcompany.com",
          "tier": "Partner",
          "link": "https://yourcompany.com/support"
        },
        "dependencies": {
          "operator": "AND",
          "criteria": [
            {
              "kind": "DataConnector",
              "contentId": "[variables('_dataConnectorContentIdConnections1')]",
              "version": "[variables('dataConnectorCCPVersion')]"
            }
          ]
        },
        "firstPublishDate": "2025-11-06",
        "lastPublishDate": "2025-11-06",
        "providers": [
          "Your Company"
        ],
        "categories": {
          "domains": [
            "Security - Vulnerability Management",
            "Security - Threat Protection"
          ]
        }
      },
      "name": "[concat(parameters('workspace'),'/Microsoft.SecurityInsights/', variables('_solutionId'))]"
    }
  ],
  "outputs": {}
}
